icfes_puesto,cutoff,ingresa_u3
-1000,-850,0.40000001
-999,-850,0.58333331
-998,-850,0.40909091
-997,-850,0.47058824
-996,-850,0.5
-995,-850,0.33333334
-994,-850,0.42307693
-993,-850,0.42307693
-992,-850,0.41176471
-991,-850,0.31578946
-990,-850,0.45454547
-989,-850,0.45833334
-988,-850,0.36842105
-987,-850,0.3888889
-986,-850,0.5
-985,-850,0.52941179
-984,-850,0.30303031
-983,-850,0.375
-982,-850,0.4848485
-981,-850,0.48148149
-980,-850,0.60000002
-979,-850,0.30434781
-978,-850,0.47826087
-977,-850,0.34782609
-976,-850,0.36000001
-975,-850,0.48275861
-974,-850,0.31999999
-973,-850,0.75
-972,-850,0.55555558
-971,-850,0.54838711
-970,-850,0.31578946
-969,-850,0.45454547
-968,-850,0.60000002
-967,-850,0.5
-966,-850,0.52941179
-965,-850,0.66666669
-964,-850,0.53846157
-963,-850,0.34615386
-962,-850,0.48148149
-961,-850,0.42857143
-960,-850,0.36842105
-959,-850,0.37037036
-958,-850,0.37037036
-957,-850,0.45714286
-956,-850,0.43333334
-955,-850,0.53125
-954,-850,0.51724136
-953,-850,0.46153846
-952,-850,0.41176471
-951,-850,0.26086956
-950,-850,0.4074074
-949,-850,0.3548387
-948,-850,0.45161289
-947,-850,0.5
-946,-850,0.54545456
-945,-850,0.41379312
-944,-850,0.51851851
-943,-850,0.40000001
-942,-850,0.37037036
-941,-850,0.36363637
-940,-850,0.34999999
-939,-850,0.37931034
-938,-850,0.2857143
-937,-850,0.5625
-936,-850,0.5625
-935,-850,0.53333336
-934,-850,0.3888889
-933,-850,0.60000002
-932,-850,0.46875
-931,-850,0.55000001
-930,-850,0.4375
-929,-850,0.40000001
-928,-850,0.42857143
-927,-850,0.4054054
-926,-850,0.46666667
-925,-850,0.40000001
-924,-850,0.58620691
-923,-850,0.48387095
-922,-850,0.4848485
-921,-850,0.42857143
-920,-850,0.40000001
-919,-850,0.42105263
-918,-850,0.4848485
-917,-850,0.4642857
-916,-850,0.35714287
-915,-850,0.5
-914,-850,0.46666667
-913,-850,0.5
-912,-850,0.51851851
-911,-850,0.65384614
-910,-850,0.54166669
-909,-850,0.38461539
-908,-850,0.54545456
-907,-850,0.40000001
-906,-850,0.4642857
-905,-850,0.45454547
-904,-850,0.37931034
-903,-850,0.56
-902,-850,0.4074074
-901,-850,0.53125
-900,-850,0.47999999
-899,-850,0.5
-898,-850,0.44
-897,-850,0.46153846
-896,-850,0.5
-895,-850,0.58620691
-894,-850,0.37037036
-893,-850,0.47058824
-892,-850,0.47999999
-891,-850,0.39473686
-890,-850,0.5
-889,-850,0.5
-888,-850,0.61290324
-887,-850,0.5
-886,-850,0.5714286
-885,-850,0.42857143
-884,-850,0.4642857
-883,-850,0.30769232
-882,-850,0.56666666
-881,-850,0.54838711
-880,-850,0.69565219
-879,-850,0.5
-878,-850,0.51851851
-877,-850,0.60000002
-876,-850,0.34375
-875,-850,0.31578946
-874,-850,0.48717949
-873,-850,0.46875
-872,-850,0.51219511
-871,-850,0.57692307
-870,-850,0.35714287
-869,-850,0.4074074
-868,-850,0.72000003
-867,-850,0.54761904
-866,-850,0.6875
-865,-850,0.5714286
-864,-850,0.63333333
-863,-850,0.48387095
-862,-850,0.70454544
-861,-850,0.25925925
-860,-850,0.6388889
-859,-850,0.42307693
-858,-850,0.42857143
-857,-850,0.58974361
-856,-850,0.40000001
-855,-850,0.37837839
-854,-850,0.47222221
-853,-850,0.44736841
-852,-850,0.64285713
-851,-850,0.62857145
-850,-850,0.66666669
-849,-850,0.66666669
-848,-850,0.8888889
-847,-850,0.6875
-846,-850,0.60000002
-845,-850,0.5
-844,-850,0.5
-843,-850,0.85714287
-842,-850,0.73333335
-841,-850,0.625
-840,-850,0.60000002
-839,-850,0.66666669
-838,-850,0.66666669
-837,-850,0.63636363
-836,-850,0.64285713
-835,-850,0.7647059
-834,-850,0.63636363
-833,-850,0.73333335
-832,-850,0.54545456
-831,-850,0.63636363
-830,-850,0.5
-829,-850,0.6875
-828,-850,0.83333331
-827,-850,0.625
-826,-850,0.77777779
-825,-850,0.78571427
-824,-850,0.6875
-823,-850,0.64285713
-822,-850,0.84615386
-821,-850,0.66666669
-820,-850,0.75
-819,-850,0.58333331
-818,-850,0.75
-817,-850,0.7647059
-816,-850,0.44444445
-815,-850,0.64705884
-814,-850,0.71428573
-813,-850,0.66666669
-812,-850,0.625
-811,-850,0.86666667
-810,-850,0.625
-809,-850,0.77777779
-808,-850,0.5
-807,-850,0.5
-806,-850,1
-805,-850,0.61538464
-804,-850,0.78571427
-803,-850,0.63636363
-802,-850,0.75
-801,-850,0.34999999
-800,-850,0.69999999
-799,-850,0.66666669
-798,-850,0.85714287
-797,-850,0.75
-796,-850,0.66666669
-795,-850,0.75
-794,-850,0.72727275
-793,-850,0.92307693
-792,-850,0.66666669
-791,-850,0.84615386
-790,-850,0.64285713
-789,-850,0.68421054
-788,-850,0.5
-787,-850,0.78947371
-786,-850,0.8125
-785,-850,0.78571427
-784,-850,0.60869563
-783,-850,0.66666669
-782,-850,0.91666669
-781,-850,0.80000001
-780,-850,0.61538464
-779,-850,0.66666669
-778,-850,0.66666669
-777,-850,0.63636363
-776,-850,0.58333331
-775,-850,0.5
-774,-850,0.69999999
-773,-850,0.69999999
-772,-850,0.66666669
-771,-850,0.5
-770,-850,0.64285713
-769,-850,0.66666669
-768,-850,0.69565219
-767,-850,0.76923078
-766,-850,0.68000001
-765,-850,0.58333331
-764,-850,0.84210527
-763,-850,0.69999999
-762,-850,0.61904764
-761,-850,0.53846157
-760,-850,0.83333331
-759,-850,0.625
-758,-850,0.64285713
-757,-850,0.82352942
-756,-850,0.84210527
-755,-850,0.6875
-754,-850,0.72222221
-753,-850,0.78571427
-752,-850,0.76923078
-751,-850,0.69230771
-750,-850,0.77777779
-749,-850,0.69230771
-748,-850,0.5714286
-747,-850,0.72727275
-746,-850,0.80000001
-745,-850,0.55555558
-744,-850,0.80000001
-743,-850,0.875
-742,-850,0.82352942
-741,-850,0.69999999
-740,-850,0.66666669
-739,-850,0.875
-738,-850,0.625
-737,-850,0.80769229
-736,-850,0.80000001
-735,-850,0.78947371
-734,-850,0.7037037
-733,-850,0.73333335
-732,-850,0.80000001
-731,-850,0.72222221
-730,-850,0.64705884
-729,-850,0.8125
-728,-850,0.82352942
-727,-850,0.63157892
-726,-850,0.71428573
-725,-850,0.58333331
-724,-850,0.47826087
-723,-850,0.55000001
-722,-850,0.68000001
-721,-850,0.60000002
-720,-850,0.88235295
-719,-850,0.46666667
-718,-850,0.75
-717,-850,0.4375
-716,-850,0.5925926
-715,-850,0.71428573
-714,-850,0.85000002
-713,-850,0.71428573
-712,-850,0.8125
-711,-850,0.72222221
-710,-850,0.5625
-709,-850,0.7647059
-708,-850,0.85714287
-707,-850,0.66666669
-706,-850,0.7647059
-705,-850,0.66666669
-704,-850,0.69999999
-703,-850,0.76923078
-702,-850,0.76923078
-701,-850,0.85000002
-700,-850,0.92000002
-699,-850,0.82352942
-698,-850,0.88
-697,-850,0.69230771
-696,-850,0.76190478
-695,-850,0.72222221
-694,-850,0.94736844
-693,-850,0.59090906
-692,-850,0.73913044
-691,-850,0.85000002
-690,-850,1
-689,-850,0.77777779
-688,-850,0.80952382
-687,-850,0.63157892
-686,-850,0.68421054
-685,-850,0.89473683
-684,-850,0.75
-683,-850,0.70588237
-682,-850,0.69230771
-681,-850,0.625
-680,-850,0.80952382
-679,-850,0.8125
-678,-850,0.5625
-677,-850,0.68421054
-676,-850,0.875
-675,-850,0.77272725
-674,-850,0.85714287
-673,-850,0.85000002
-672,-850,0.69999999
-671,-850,0.80769229
-670,-850,0.76923078
-669,-850,0.7368421
-668,-850,0.61904764
-667,-850,0.66666669
-666,-850,0.80000001
-665,-850,0.92307693
-664,-850,0.66666669
-663,-850,0.80000001
-662,-850,0.72222221
-661,-850,0.60000002
-660,-850,0.77777779
-659,-850,0.76923078
-658,-850,0.94444442
-657,-850,0.84615386
-656,-850,0.70833331
-655,-850,0.82608694
-654,-850,0.80000001
-653,-850,0.86363637
-652,-850,0.73333335
-651,-850,0.82352942
-650,-850,0.875
-649,-850,0.7647059
-648,-850,0.72000003
-647,-850,0.68421054
-646,-850,0.72000003
-645,-850,0.90909094
-644,-850,0.80000001
-643,-850,0.80952382
-642,-850,0.83999997
-641,-850,0.75
-640,-850,0.68000001
-639,-850,0.52941179
-638,-850,0.85000002
-637,-850,0.73913044
-636,-850,0.81818181
-635,-850,0.60000002
-634,-850,0.68421054
-633,-850,0.84615386
-632,-850,0.80952382
-631,-850,0.75
-630,-850,0.66666669
-629,-850,0.71428573
-628,-850,0.66666669
-627,-850,0.57894737
-626,-850,0.78947371
-625,-850,0.84615386
-624,-850,0.90909094
-623,-850,0.83333331
-622,-850,0.75
-621,-850,0.75
-620,-850,0.78787881
-619,-850,0.7368421
-618,-850,0.86666667
-617,-850,0.92307693
-616,-850,0.7647059
-615,-850,0.8888889
-614,-850,0.6111111
-613,-850,0.75999999
-612,-850,0.60000002
-611,-850,0.61904764
-610,-850,0.69230771
-609,-850,0.80952382
-608,-850,0.85714287
-607,-850,0.83333331
-606,-850,0.73076922
-605,-850,0.70833331
-604,-850,0.80952382
-603,-850,0.85185188
-602,-850,0.73333335
-601,-850,0.83999997
-600,-850,0.80952382
-599,-850,0.77777779
-598,-850,0.77419353
-597,-850,0.68181819
-596,-850,0.7647059
-595,-850,0.77272725
-594,-850,0.68000001
-593,-850,0.7368421
-592,-850,0.78571427
-591,-850,0.95238096
-590,-850,0.94444442
-589,-850,0.63999999
-588,-850,0.89999998
-587,-850,0.68421054
-586,-850,0.8888889
-585,-850,1
-584,-850,0.73076922
-583,-850,0.73913044
-582,-850,0.91666669
-581,-850,0.8125
-580,-850,0.94736844
-579,-850,0.83333331
-578,-850,0.69999999
-577,-850,0.85000002
-576,-850,0.69999999
-575,-850,0.61538464
-574,-850,0.89999998
-573,-850,0.76666665
-572,-850,0.74074072
-571,-850,0.84210527
-570,-850,0.83333331
-569,-850,0.71428573
-568,-850,0.80000001
-567,-850,0.89999998
-566,-850,0.81818181
-565,-850,0.80000001
-564,-850,0.75999999
-563,-850,0.58823532
-562,-850,0.80000001
-561,-850,0.82608694
-560,-850,0.85714287
-559,-850,0.73076922
-558,-850,0.76923078
-557,-850,0.75999999
-556,-850,0.80952382
-555,-850,0.85714287
-554,-850,0.86363637
-553,-850,0.90476191
-552,-850,0.80000001
-551,-850,0.81481481
-550,-850,0.875
-549,-850,0.7647059
-548,-850,0.95833331
-547,-850,0.75
-546,-850,0.77419353
-545,-850,0.68000001
-544,-850,0.70833331
-543,-850,0.81481481
-542,-850,0.82608694
-541,-850,0.89999998
-540,-850,0.77777779
-539,-850,0.68000001
-538,-850,0.75999999
-537,-850,0.69999999
-536,-850,0.83333331
-535,-850,0.77272725
-534,-850,0.86956519
-533,-850,0.94117647
-532,-850,0.64705884
-531,-850,0.9130435
-530,-850,0.68421054
-529,-850,0.76923078
-528,-850,0.81818181
-527,-850,0.70833331
-526,-850,0.93103451
-525,-850,0.89999998
-524,-850,0.90909094
-523,-850,0.76190478
-522,-850,0.80769229
-521,-850,0.72727275
-520,-850,0.85185188
-519,-850,0.78571427
-518,-850,0.82608694
-517,-850,0.8125
-516,-850,0.78787881
-515,-850,0.8888889
-514,-850,0.87878788
-513,-850,0.5
-512,-850,0.83333331
-511,-850,0.79310346
-510,-850,0.80769229
-509,-850,0.78571427
-508,-850,0.70833331
-507,-850,0.71428573
-506,-850,0.70833331
-505,-850,0.90476191
-504,-850,0.79166669
-503,-850,0.76923078
-502,-850,0.73333335
-501,-850,0.75
-500,-850,0.73913044
-499,-850,0.85000002
-498,-850,0.85185188
-497,-850,0.91666669
-496,-850,0.72727275
-495,-850,0.9285714
-494,-850,0.80000001
-493,-850,0.88
-492,-850,0.8888889
-491,-850,0.76666665
-490,-850,0.87096775
-489,-850,0.86666667
-488,-850,0.8214286
-487,-850,0.6875
-486,-850,0.72000003
-485,-850,0.6857143
-484,-850,0.80000001
-483,-850,0.79166669
-482,-850,0.75999999
-481,-850,0.78571427
-480,-850,0.83333331
-479,-850,0.88235295
-478,-850,0.75862068
-477,-850,0.90322578
-476,-850,0.78260869
-475,-850,0.95652175
-474,-850,0.87096775
-473,-850,0.79166669
-472,-850,0.88235295
-471,-850,0.78260869
-470,-850,0.69999999
-469,-850,0.76923078
-468,-850,0.9130435
-467,-850,0.81578946
-466,-850,0.79310346
-465,-850,0.83333331
-464,-850,0.88571429
-463,-850,0.89999998
-462,-850,0.77777779
-461,-850,0.79411763
-460,-850,0.76923078
-459,-850,0.75
-458,-850,0.84848487
-457,-850,0.85714287
-456,-850,0.84615386
-455,-850,0.86956519
-454,-850,0.75757575
-453,-850,0.89999998
-452,-850,0.80952382
-451,-850,0.87804878
-450,-850,0.8125
-449,-850,0.80000001
-448,-850,0.76923078
-447,-850,0.72727275
-446,-850,0.83333331
-445,-850,0.80645162
-444,-850,0.8125
-443,-850,0.73333335
-442,-850,0.85714287
-441,-850,0.8214286
-440,-850,0.93333334
-439,-850,0.76923078
-438,-850,0.77142859
-437,-850,0.8888889
-436,-850,0.82051283
-435,-850,0.84375
-434,-850,0.85714287
-433,-850,0.89999998
-432,-850,0.93939394
-431,-850,0.79166669
-430,-850,0.9130435
-429,-850,0.93548387
-428,-850,0.64285713
-427,-850,0.95999998
-426,-850,0.875
-425,-850,0.69999999
-424,-850,0.89999998
-423,-850,0.77142859
-422,-850,0.83333331
-421,-850,0.92000002
-420,-850,0.86666667
-419,-850,0.89655173
-418,-850,0.78571427
-417,-850,0.97058821
-416,-850,0.83999997
-415,-850,0.83999997
-414,-850,1
-413,-850,0.74509805
-412,-850,0.84615386
-411,-850,0.79310346
-410,-850,0.89285713
-409,-850,0.89285713
-408,-850,0.87179488
-407,-850,0.83333331
-406,-850,0.82758623
-405,-850,0.84848487
-404,-850,0.84615386
-403,-850,0.84375
-402,-850,0.89999998
-401,-850,0.77777779
-400,-850,0.75
-399,-850,0.77777779
-398,-850,0.81818181
-397,-850,0.82758623
-396,-850,0.93548387
-395,-850,0.82758623
-394,-850,0.90322578
-393,-850,0.96875
-392,-850,0.93103451
-391,-850,0.74193549
-390,-850,0.86666667
-389,-850,0.80000001
-388,-850,0.79310346
-387,-850,0.93548387
-386,-850,0.70588237
-385,-850,0.84615386
-384,-850,0.84848487
-383,-850,0.7096774
-382,-850,0.84210527
-381,-850,0.81818181
-380,-850,0.87096775
-379,-850,0.88461536
-378,-850,0.88235295
-377,-850,0.71428573
-376,-850,0.90909094
-375,-850,0.85294116
-374,-850,0.82352942
-373,-850,0.92592591
-372,-850,0.89473683
-371,-850,0.83333331
-370,-850,0.84375
-369,-850,0.80000001
-368,-850,0.81818181
-367,-850,0.83333331
-366,-850,0.875
-365,-850,0.83870965
-364,-850,0.8888889
-363,-850,0.91176468
-362,-850,0.9285714
-361,-850,0.89655173
-360,-850,0.8611111
-359,-850,0.8214286
-358,-850,0.78723407
-357,-850,0.92307693
-356,-850,0.93939394
-355,-850,0.80000001
-354,-850,0.84090906
-353,-850,0.83783782
-352,-850,0.92307693
-351,-850,0.8611111
-350,-850,0.83870965
-349,-850,0.91666669
-348,-850,0.90625
-347,-850,0.80769229
-346,-850,0.90909094
-345,-850,0.83783782
-344,-850,0.82352942
-343,-850,0.82352942
-342,-850,0.80555558
-341,-850,0.88571429
-340,-850,0.8214286
-339,-850,0.84615386
-338,-850,0.89655173
-337,-850,0.88235295
-336,-850,0.9130435
-335,-850,0.87804878
-334,-850,0.81818181
-333,-850,0.91176468
-332,-850,0.82222223
-331,-850,0.88095236
-330,-850,0.77142859
-329,-850,0.80952382
-328,-850,0.93617022
-327,-850,0.71052629
-326,-850,0.82352942
-325,-850,0.80000001
-324,-850,0.90476191
-323,-850,0.80645162
-322,-850,0.86486489
-321,-850,0.74193549
-320,-850,0.85000002
-319,-850,0.91428572
-318,-850,0.86486489
-317,-850,0.93103451
-316,-850,0.96666664
-315,-850,0.86666667
-314,-850,0.77777779
-313,-850,0.85185188
-312,-850,0.89999998
-311,-850,0.87878788
-310,-850,0.91111112
-309,-850,0.83333331
-308,-850,0.90322578
-307,-850,0.81818181
-306,-850,0.93478262
-305,-850,0.88
-304,-850,0.78947371
-303,-850,0.75675678
-302,-850,0.902439
-301,-850,0.96428573
-300,-850,0.88571429
-299,-850,0.88235295
-298,-850,0.80555558
-297,-850,0.84210527
-296,-850,0.92000002
-295,-850,0.83333331
-294,-850,0.90909094
-293,-850,0.82758623
-292,-850,0.84615386
-291,-850,0.89130437
-290,-850,0.8125
-289,-850,0.83783782
-288,-850,0.969697
-287,-850,0.82222223
-286,-850,0.83783782
-285,-850,0.85714287
-284,-850,0.77499998
-283,-850,0.90322578
-282,-850,0.8888889
-281,-850,0.86046511
-280,-850,0.94999999
-279,-850,0.86486489
-278,-850,0.84210527
-277,-850,0.89999998
-276,-850,0.8108108
-275,-850,0.90909094
-274,-850,0.84615386
-273,-850,0.88571429
-272,-850,0.85000002
-271,-850,0.82857144
-270,-850,0.8125
-269,-850,0.91891891
-268,-850,0.89473683
-267,-850,0.7368421
-266,-850,0.90909094
-265,-850,0.96666664
-264,-850,0.91666669
-263,-850,0.87804878
-262,-850,0.77777779
-261,-850,0.8918919
-260,-850,0.78048778
-259,-850,0.82499999
-258,-850,0.86666667
-257,-850,0.82352942
-256,-850,0.93103451
-255,-850,0.9285714
-254,-850,0.8918919
-253,-850,0.84615386
-252,-850,0.77777779
-251,-850,0.78787881
-250,-850,0.86842108
-249,-850,0.72727275
-248,-850,0.90909094
-247,-850,0.91891891
-246,-850,0.80000001
-245,-850,0.94117647
-244,-850,0.97058821
-243,-850,0.95918369
-242,-850,0.85714287
-241,-850,0.94736844
-240,-850,0.83783782
-239,-850,0.9512195
-238,-850,0.8214286
-237,-850,0.88095236
-236,-850,0.91489363
-235,-850,0.79310346
-234,-850,0.8974359
-233,-850,0.91666669
-232,-850,0.8888889
-231,-850,0.93877554
-230,-850,0.84615386
-229,-850,0.8974359
-228,-850,0.90909094
-227,-850,0.80952382
-226,-850,0.8918919
-225,-850,0.96666664
-224,-850,0.89999998
-223,-850,0.94117647
-222,-850,0.91176468
-221,-850,0.92307693
-220,-850,0.92105263
-219,-850,0.85185188
-218,-850,0.8974359
-217,-850,0.77142859
-216,-850,0.90909094
-215,-850,0.89473683
-214,-850,0.95833331
-213,-850,0.87878788
-212,-850,0.82352942
-211,-850,0.87179488
-210,-850,0.8974359
-209,-850,0.91176468
-208,-850,0.83999997
-207,-850,0.83720928
-206,-850,0.89999998
-205,-850,0.93333334
-204,-850,0.92682928
-203,-850,0.91666669
-202,-850,0.88095236
-201,-850,0.82926828
-200,-850,0.84090906
-199,-850,0.93617022
-198,-850,0.90697676
-197,-850,0.8974359
-196,-850,0.93877554
-195,-850,0.88095236
-194,-850,0.85714287
-193,-850,0.91666669
-192,-850,0.89795917
-191,-850,1
-190,-850,0.86206895
-189,-850,0.90697676
-188,-850,0.93548387
-187,-850,0.8918919
-186,-850,0.94339621
-185,-850,0.89999998
-184,-850,0.94871795
-183,-850,0.86842108
-182,-850,0.9512195
-181,-850,0.91891891
-180,-850,0.91836733
-179,-850,0.89999998
-178,-850,0.85000002
-177,-850,0.92682928
-176,-850,0.94117647
-175,-850,0.9375
-174,-850,0.89130437
-173,-850,0.97435898
-172,-850,0.84210527
-171,-850,0.85365856
-170,-850,0.875
-169,-850,0.9512195
-168,-850,0.91666669
-167,-850,0.89999998
-166,-850,0.97058821
-165,-850,0.82926828
-164,-850,0.90697676
-163,-850,1
-162,-850,0.85714287
-161,-850,0.8611111
-160,-850,0.95348835
-159,-850,0.90196079
-158,-850,0.91111112
-157,-850,0.94
-156,-850,0.84090906
-155,-850,0.87179488
-154,-850,0.94444442
-153,-850,0.92105263
-152,-850,0.87804878
-151,-850,0.92105263
-150,-850,0.88095236
-149,-850,0.91428572
-148,-850,0.88636363
-147,-850,0.91666669
-146,-850,0.92727274
-145,-850,0.81632656
-144,-850,0.95652175
-143,-850,0.87804878
-142,-850,0.9245283
-141,-850,0.83720928
-140,-850,0.8888889
-139,-850,0.92682928
-138,-850,0.91891891
-137,-850,0.97619045
-136,-850,0.77499998
-135,-850,0.89130437
-134,-850,0.94
-133,-850,0.94117647
-132,-850,0.97674417
-131,-850,0.83783782
-130,-850,0.97500002
-129,-850,0.98245615
-128,-850,0.90909094
-127,-850,0.84782606
-126,-850,0.90909094
-125,-850,0.89130437
-124,-850,0.92500001
-123,-850,0.87931037
-122,-850,0.90697676
-121,-850,0.94736844
-120,-850,0.86792451
-119,-850,0.92682928
-118,-850,0.89361703
-117,-850,0.92307693
-116,-850,0.8974359
-115,-850,0.95833331
-114,-850,0.87931037
-113,-850,0.93023258
-112,-850,0.94545454
-111,-850,0.97674417
-110,-850,0.9375
-109,-850,0.92537314
-108,-850,0.92000002
-107,-850,0.93333334
-106,-850,0.90476191
-105,-850,0.94
-104,-850,0.96153843
-103,-850,0.94871795
-102,-850,0.93103451
-101,-850,0.89130437
-100,-850,0.95238096
-99,-850,0.89795917
-98,-850,1
-97,-850,0.92982459
-96,-850,0.84090906
-95,-850,0.89999998
-94,-850,0.97297299
-93,-850,0.93877554
-92,-850,0.94444442
-91,-850,0.91666669
-90,-850,1
-89,-850,0.89999998
-88,-850,0.94736844
-87,-850,0.9285714
-86,-850,0.97872341
-85,-850,0.98113209
-84,-850,0.9375
-83,-850,0.93877554
-82,-850,0.88679248
-81,-850,0.93181819
-80,-850,0.94736844
-79,-850,0.92982459
-78,-850,0.8888889
-77,-850,1
-76,-850,0.98113209
-75,-850,0.94285715
-74,-850,0.92307693
-73,-850,0.95454544
-72,-850,0.9285714
-71,-850,0.90384614
-70,-850,1
-69,-850,0.97297299
-68,-850,0.89285713
-67,-850,0.9245283
-66,-850,0.95555556
-65,-850,0.92592591
-64,-850,0.97014928
-63,-850,1
-62,-850,0.97674417
-61,-850,0.90909094
-60,-850,0.94871795
-59,-850,0.97826087
-58,-850,0.92105263
-57,-850,0.92682928
-56,-850,1
-55,-850,0.95918369
-54,-850,1
-53,-850,1
-52,-850,0.96363634
-51,-850,0.97777778
-50,-850,0.91111112
-49,-850,0.95744681
-48,-850,0.92307693
-47,-850,0.9285714
-46,-850,0.95238096
-45,-850,0.95555556
-44,-850,1
-43,-850,0.95918369
-42,-850,0.94999999
-41,-850,0.97619045
-40,-850,1
-39,-850,0.97500002
-38,-850,0.97727275
-37,-850,0.95238096
-36,-850,0.97435898
-35,-850,1
-34,-850,1
-33,-850,0.98039216
-32,-850,0.97058821
-31,-850,0.97777778
-30,-850,0.98039216
-29,-850,0.91111112
-28,-850,0.92592591
-27,-850,1
-26,-850,1
-25,-850,0.84444445
-24,-850,0.97142857
-23,-850,0.96551722
-22,-850,1
-21,-850,0.96428573
-20,-850,0.97142857
-19,-850,0.93939394
-18,-850,0.90625
-17,-850,1
-16,-850,1
-15,-850,0.97500002
-14,-850,0.969697
-13,-850,0.89655173
-12,-850,1
-11,-850,0.97058821
-10,-850,0.94736844
-9,-850,0.93333334
-8,-850,1
-7,-850,1
-6,-850,1
-5,-850,1
-4,-850,1
-3,-850,1
-2,-850,1
-1,-850,1
-1000,-571,0
-999,-571,1
-998,-571,1
-996,-571,1
-994,-571,1
-990,-571,1
-988,-571,1
-986,-571,0
-985,-571,0
-984,-571,0.5
-983,-571,1
-982,-571,0.5
-981,-571,1
-979,-571,1
-978,-571,0
-977,-571,0
-976,-571,1
-975,-571,1
-974,-571,1
-973,-571,0
-972,-571,0.5
-970,-571,0.33333334
-969,-571,1
-968,-571,0
-965,-571,0
-962,-571,0.33333334
-961,-571,0.5
-960,-571,1
-958,-571,1
-957,-571,0.66666669
-956,-571,0.5
-955,-571,0
-954,-571,1
-953,-571,0
-952,-571,0
-951,-571,1
-948,-571,1
-946,-571,0.33333334
-943,-571,0
-942,-571,0.5
-941,-571,0
-940,-571,0.5
-935,-571,1
-934,-571,1
-933,-571,1
-932,-571,1
-930,-571,1
-929,-571,0
-926,-571,1
-925,-571,0.5
-924,-571,1
-923,-571,0.5
-922,-571,0
-921,-571,1
-918,-571,0
-917,-571,1
-916,-571,0.5
-914,-571,0.75
-910,-571,1
-909,-571,0.5
-908,-571,1
-907,-571,1
-906,-571,0.66666669
-905,-571,0.5
-903,-571,0.75
-902,-571,1
-899,-571,1
-898,-571,0.66666669
-897,-571,0.5
-896,-571,1
-894,-571,0.66666669
-893,-571,0.5
-892,-571,0.33333334
-891,-571,1
-890,-571,0
-889,-571,1
-888,-571,0
-887,-571,1
-885,-571,1
-883,-571,0
-882,-571,0
-881,-571,1
-880,-571,1
-877,-571,0.66666669
-876,-571,1
-875,-571,1
-874,-571,0.80000001
-873,-571,0.66666669
-871,-571,0.5
-869,-571,1
-868,-571,0.5
-867,-571,1
-865,-571,0.5
-864,-571,0
-863,-571,1
-862,-571,0.5
-861,-571,1
-860,-571,1
-859,-571,1
-858,-571,1
-857,-571,0.5
-856,-571,0.5
-854,-571,0
-853,-571,0.66666669
-852,-571,1
-851,-571,0.66666669
-848,-571,0.5
-847,-571,1
-846,-571,1
-845,-571,0.5
-844,-571,0.5
-843,-571,0.5
-842,-571,0.5
-841,-571,1
-840,-571,1
-839,-571,1
-838,-571,1
-837,-571,0.5
-836,-571,1
-835,-571,0
-834,-571,0.5
-833,-571,1
-830,-571,0.5
-827,-571,1
-826,-571,0
-825,-571,1
-824,-571,0
-823,-571,0.33333334
-821,-571,1
-818,-571,1
-817,-571,0.5
-816,-571,1
-814,-571,1
-813,-571,0.66666669
-811,-571,0.33333334
-810,-571,0.60000002
-809,-571,0.80000001
-808,-571,1
-807,-571,0.66666669
-806,-571,0.5
-805,-571,0.5
-804,-571,0
-803,-571,1
-802,-571,0.5
-800,-571,0.66666669
-799,-571,0.5
-798,-571,0
-797,-571,1
-796,-571,0.5
-795,-571,0
-794,-571,1
-793,-571,0
-792,-571,1
-791,-571,0.5
-790,-571,0
-789,-571,1
-788,-571,1
-787,-571,1
-786,-571,1
-785,-571,0.83333331
-784,-571,0.5
-783,-571,1
-782,-571,1
-781,-571,0.33333334
-780,-571,1
-779,-571,0
-778,-571,1
-777,-571,0.33333334
-776,-571,1
-775,-571,0.66666669
-774,-571,0.75
-773,-571,1
-772,-571,0.75
-771,-571,0.66666669
-770,-571,1
-769,-571,0.5
-768,-571,1
-767,-571,1
-765,-571,0.5
-764,-571,0.25
-762,-571,0.5714286
-761,-571,0
-760,-571,0.5
-759,-571,1
-758,-571,1
-757,-571,0.80000001
-756,-571,1
-755,-571,1
-754,-571,0.60000002
-753,-571,0.5
-752,-571,0
-751,-571,0.5
-749,-571,1
-748,-571,0.5
-747,-571,1
-746,-571,1
-745,-571,1
-744,-571,1
-743,-571,0.66666669
-742,-571,0.5
-741,-571,1
-740,-571,0.5
-739,-571,1
-738,-571,1
-737,-571,0.5
-736,-571,1
-735,-571,1
-733,-571,1
-732,-571,1
-731,-571,0
-729,-571,1
-728,-571,0.66666669
-727,-571,0.25
-726,-571,1
-725,-571,0.5
-724,-571,0.66666669
-723,-571,1
-722,-571,0.66666669
-721,-571,1
-720,-571,1
-719,-571,0.5
-718,-571,1
-717,-571,0
-716,-571,0.25
-715,-571,0.5
-714,-571,1
-713,-571,0
-712,-571,0
-711,-571,0.66666669
-710,-571,0.5
-709,-571,1
-708,-571,1
-707,-571,1
-706,-571,1
-704,-571,0.60000002
-703,-571,1
-702,-571,0
-701,-571,0.75
-700,-571,0.25
-699,-571,1
-698,-571,0.75
-697,-571,0.5
-696,-571,0.60000002
-695,-571,0.66666669
-694,-571,1
-693,-571,1
-692,-571,0.33333334
-691,-571,0.66666669
-690,-571,0.33333334
-689,-571,1
-688,-571,1
-687,-571,0.66666669
-686,-571,0.60000002
-685,-571,0.75
-684,-571,0.66666669
-683,-571,0.5
-682,-571,1
-681,-571,1
-680,-571,0
-679,-571,0.33333334
-678,-571,1
-677,-571,0.66666669
-676,-571,1
-675,-571,0.75
-674,-571,1
-673,-571,1
-672,-571,0.33333334
-671,-571,0.75
-670,-571,1
-669,-571,0.75
-668,-571,0
-667,-571,1
-666,-571,0.60000002
-665,-571,0.75
-664,-571,0
-663,-571,1
-662,-571,1
-661,-571,0.66666669
-660,-571,0.5
-659,-571,0.5
-658,-571,1
-657,-571,0.5
-656,-571,1
-655,-571,0.5
-654,-571,1
-653,-571,0.40000001
-652,-571,0.75
-651,-571,1
-650,-571,1
-649,-571,1
-648,-571,1
-647,-571,1
-646,-571,1
-645,-571,1
-644,-571,0
-643,-571,0.80000001
-642,-571,0.33333334
-641,-571,1
-640,-571,1
-639,-571,1
-638,-571,0.66666669
-637,-571,0.66666669
-636,-571,0.5
-635,-571,1
-634,-571,0.75
-633,-571,1
-632,-571,0.5
-631,-571,1
-630,-571,1
-629,-571,0.5
-628,-571,0.33333334
-626,-571,0.66666669
-625,-571,0.66666669
-624,-571,1
-623,-571,1
-622,-571,0.80000001
-621,-571,0.25
-620,-571,0.83333331
-619,-571,0.5
-618,-571,0.83333331
-617,-571,0.80000001
-616,-571,1
-615,-571,1
-614,-571,0.71428573
-613,-571,0.66666669
-612,-571,0.66666669
-611,-571,0.66666669
-610,-571,0.80000001
-609,-571,0
-608,-571,0.66666669
-607,-571,0.375
-606,-571,0
-605,-571,1
-604,-571,1
-603,-571,0.66666669
-602,-571,0.66666669
-601,-571,0.33333334
-599,-571,1
-598,-571,0.80000001
-597,-571,1
-596,-571,0.60000002
-595,-571,0.5
-594,-571,0.40000001
-593,-571,0.5
-592,-571,0.75
-591,-571,0.80000001
-590,-571,0.33333334
-589,-571,1
-588,-571,0.66666669
-587,-571,0.75
-586,-571,0.71428573
-585,-571,0.5
-584,-571,0.80000001
-583,-571,1
-582,-571,0.60000002
-581,-571,1
-580,-571,1
-579,-571,0
-578,-571,1
-577,-571,1
-576,-571,0.25
-575,-571,0.25
-574,-571,0.66666669
-573,-571,0.83333331
-572,-571,0.5
-571,-571,1
-569,-571,1
-568,-571,1
-565,-571,1
-563,-571,1
-562,-571,1
-555,-571,0
-554,-571,0
-553,-571,1
-552,-571,1
-549,-571,1
-548,-571,1
-545,-571,1
-538,-571,0
-536,-571,1
-534,-571,0.5
-533,-571,1
-529,-571,1
-527,-571,1
-526,-571,1
-525,-571,1
-522,-571,1
-521,-571,0
-520,-571,1
-519,-571,0.5
-518,-571,1
-515,-571,0
-514,-571,1
-513,-571,1
-510,-571,1
-508,-571,1
-506,-571,1
-502,-571,1
-501,-571,1
-498,-571,1
-497,-571,1
-495,-571,1
-492,-571,1
-489,-571,0.5
-488,-571,0
-487,-571,1
-486,-571,0.5
-485,-571,1
-482,-571,1
-481,-571,1
-479,-571,1
-478,-571,1
-477,-571,1
-476,-571,1
-475,-571,0.5
-474,-571,0.5
-471,-571,1
-470,-571,0.5
-468,-571,1
-467,-571,0
-466,-571,1
-465,-571,1
-464,-571,0
-462,-571,1
-461,-571,1
-459,-571,1
-458,-571,1
-457,-571,1
-454,-571,1
-453,-571,1
-451,-571,1
-449,-571,1
-447,-571,1
-446,-571,0.75
-445,-571,1
-444,-571,1
-442,-571,1
-441,-571,0
-439,-571,1
-438,-571,1
-437,-571,1
-434,-571,0
-433,-571,1
-431,-571,1
-429,-571,1
-427,-571,0
-425,-571,1
-424,-571,1
-423,-571,0
-422,-571,1
-421,-571,1
-420,-571,1
-418,-571,0.5
-417,-571,1
-414,-571,1
-413,-571,1
-412,-571,1
-409,-571,1
-407,-571,1
-405,-571,1
-404,-571,1
-403,-571,1
-401,-571,0.5
-400,-571,0
-399,-571,1
-394,-571,1
-391,-571,1
-390,-571,1
-387,-571,0
-386,-571,1
-385,-571,1
-382,-571,1
-378,-571,1
-375,-571,1
-373,-571,1
-369,-571,1
-367,-571,0
-364,-571,0.66666669
-363,-571,1
-362,-571,1
-360,-571,1
-359,-571,1
-358,-571,1
-357,-571,1
-356,-571,0.5
-355,-571,1
-354,-571,1
-352,-571,1
-350,-571,1
-349,-571,0.5
-346,-571,1
-345,-571,1
-343,-571,1
-342,-571,1
-341,-571,0.5
-340,-571,1
-338,-571,1
-337,-571,1
-336,-571,1
-335,-571,1
-334,-571,0.33333334
-333,-571,1
-332,-571,1
-331,-571,0.5
-330,-571,0.66666669
-329,-571,1
-328,-571,1
-327,-571,0
-326,-571,1
-325,-571,1
-324,-571,1
-323,-571,1
-322,-571,0.75
-321,-571,0.66666669
-320,-571,0
-319,-571,1
-318,-571,1
-317,-571,1
-315,-571,1
-314,-571,1
-312,-571,1
-311,-571,1
-310,-571,1
-307,-571,1
-306,-571,1
-304,-571,1
-303,-571,1
-302,-571,0
-301,-571,1
-300,-571,1
-299,-571,1
-298,-571,1
-296,-571,1
-294,-571,1
-292,-571,1
-291,-571,1
-290,-571,0.5
-288,-571,0.5
-287,-571,1
-286,-571,1
-285,-571,0.66666669
-284,-571,1
-283,-571,1
-282,-571,1
-281,-571,1
-280,-571,1
-279,-571,1
-278,-571,1
-277,-571,1
-276,-571,1
-275,-571,0.75
-274,-571,1
-272,-571,0.66666669
-271,-571,1
-270,-571,1
-269,-571,1
-268,-571,1
-267,-571,1
-266,-571,0
-264,-571,1
-263,-571,1
-262,-571,1
-261,-571,1
-260,-571,1
-259,-571,1
-258,-571,1
-257,-571,0.66666669
-256,-571,1
-255,-571,1
-254,-571,0.5
-253,-571,1
-252,-571,1
-251,-571,0.40000001
-250,-571,1
-249,-571,0.83333331
-248,-571,1
-247,-571,1
-246,-571,1
-245,-571,1
-244,-571,1
-243,-571,1
-242,-571,0.66666669
-241,-571,0.5
-239,-571,1
-238,-571,1
-237,-571,0.5
-236,-571,1
-235,-571,1
-234,-571,1
-233,-571,1
-232,-571,1
-231,-571,1
-230,-571,0.80000001
-229,-571,0.33333334
-228,-571,1
-227,-571,0.5
-226,-571,1
-224,-571,1
-223,-571,0.75
-222,-571,1
-221,-571,1
-220,-571,1
-219,-571,1
-218,-571,1
-217,-571,1
-216,-571,1
-215,-571,1
-214,-571,0
-213,-571,1
-212,-571,1
-210,-571,0.75
-209,-571,1
-208,-571,1
-207,-571,1
-206,-571,1
-205,-571,1
-204,-571,0.5
-203,-571,1
-202,-571,1
-201,-571,0.5
-200,-571,1
-199,-571,1
-198,-571,1
-197,-571,1
-196,-571,0.83333331
-195,-571,1
-194,-571,1
-193,-571,0.5
-192,-571,1
-191,-571,1
-190,-571,1
-189,-571,1
-188,-571,0.33333334
-187,-571,1
-186,-571,0
-185,-571,0.33333334
-184,-571,1
-183,-571,0.66666669
-182,-571,0.5
-181,-571,1
-180,-571,1
-179,-571,1
-178,-571,0.80000001
-177,-571,1
-176,-571,0.80000001
-175,-571,1
-174,-571,1
-173,-571,1
-172,-571,1
-171,-571,0.75
-170,-571,1
-169,-571,0.5
-168,-571,1
-167,-571,1
-166,-571,1
-165,-571,0.77777779
-164,-571,1
-163,-571,1
-162,-571,1
-161,-571,1
-160,-571,1
-159,-571,1
-158,-571,1
-157,-571,0.75
-156,-571,1
-155,-571,0.85714287
-154,-571,1
-153,-571,1
-152,-571,1
-151,-571,0.83333331
-150,-571,1
-149,-571,0.75
-148,-571,0.60000002
-147,-571,1
-146,-571,1
-145,-571,1
-144,-571,1
-143,-571,1
-142,-571,0.5
-141,-571,1
-140,-571,1
-139,-571,1
-138,-571,0.75
-137,-571,1
-136,-571,1
-135,-571,1
-134,-571,0.90909094
-133,-571,0.85714287
-132,-571,1
-131,-571,1
-130,-571,0.5
-129,-571,0.66666669
-128,-571,0.71428573
-127,-571,1
-126,-571,0.71428573
-125,-571,0.77777779
-124,-571,1
-123,-571,1
-122,-571,0.80000001
-121,-571,0.80000001
-120,-571,0.80000001
-119,-571,1
-118,-571,1
-117,-571,1
-116,-571,1
-115,-571,1
-114,-571,1
-113,-571,1
-112,-571,1
-111,-571,0.66666669
-110,-571,1
-109,-571,1
-108,-571,1
-107,-571,0.75
-106,-571,1
-105,-571,1
-104,-571,1
-103,-571,0.83333331
-102,-571,1
-101,-571,1
-100,-571,0.85714287
-99,-571,1
-98,-571,1
-97,-571,0.90909094
-96,-571,1
-95,-571,0.85714287
-94,-571,1
-93,-571,1
-92,-571,1
-91,-571,1
-90,-571,0.75
-89,-571,1
-88,-571,0.83333331
-87,-571,1
-86,-571,1
-85,-571,0.83333331
-84,-571,0.80000001
-83,-571,1
-82,-571,0.60000002
-81,-571,0.66666669
-80,-571,1
-79,-571,0.83333331
-78,-571,1
-77,-571,0.80000001
-76,-571,0.85714287
-75,-571,1
-74,-571,0.85714287
-73,-571,1
-72,-571,1
-71,-571,1
-70,-571,0.90909094
-69,-571,1
-68,-571,0.71428573
-67,-571,1
-66,-571,0.83333331
-65,-571,1
-64,-571,0.80000001
-63,-571,0.85714287
-62,-571,0.33333334
-61,-571,1
-60,-571,1
-59,-571,1
-58,-571,1
-57,-571,0.85714287
-56,-571,1
-55,-571,1
-54,-571,1
-53,-571,0.875
-52,-571,1
-51,-571,1
-50,-571,1
-49,-571,1
-48,-571,1
-47,-571,1
-46,-571,0.89999998
-45,-571,0.8888889
-44,-571,0.83333331
-43,-571,1
-42,-571,1
-41,-571,0.33333334
-40,-571,0.83333331
-39,-571,1
-38,-571,1
-37,-571,1
-36,-571,1
-35,-571,1
-34,-571,0.85714287
-33,-571,1
-32,-571,0.875
-31,-571,1
-30,-571,0.75
-29,-571,1
-28,-571,1
-27,-571,1
-26,-571,1
-25,-571,1
-24,-571,1
-23,-571,1
-22,-571,1
-21,-571,1
-20,-571,1
-19,-571,1
-18,-571,0.66666669
-17,-571,1
-16,-571,1
-15,-571,1
-14,-571,1
-13,-571,1
-12,-571,0.66666669
-11,-571,1
-10,-571,1
-9,-571,1
-8,-571,1
-7,-571,1
-6,-571,1
-5,-571,1
-3,-571,1
-2,-571,1
-1,-571,1
